{
    "c_cpp.command.configurationSelect.title": "Scegli una configurazione...",
    "c_cpp.command.configurationProviderSelect.title": "Cambia provider configurazioni...",
    "c_cpp.command.configurationEdit.title": "Modifica configurazioni...",
    "c_cpp.command.goToDeclaration.title": "Vai a dichiarazione",
    "c_cpp.command.peekDeclaration.title": "Visualizza dichiarazione",
    "c_cpp.command.switchHeaderSource.title": "Visualizza Header/Sorgente",
    "c_cpp.command.navigate.title": "Naviga...",
    "c_cpp.command.toggleErrorSquiggles.title": "Attiva/Disattiva sottolineamento errori",
    "c_cpp.command.toggleIncludeFallback.title": "Attiva/Disattiva motore di fallback IntelliSense negli errori di inclusione",
    "c_cpp.command.toggleDimInactiveRegions.title": "Attiva/Disattiva colorazione regioni inattive",
    "c_cpp.command.showReleaseNotes.title": "Mostra note di rilascio",
    "c_cpp.command.resetDatabase.title": "Reimposta il database di IntelliSense",
    "c_cpp.command.pauseParsing.title": "Metti in pausa l'analisi del codice",
    "c_cpp.command.resumeParsing.title": "Riprendi l'analisi del codice",
    "c_cpp.command.showParsingCommands.title": "Mostra comandi per l'analisi del codice",
    "c_cpp.command.takeSurvey.title": "Partecipa al Sondaggio",
    "c_cpp.command.buildAndDebugActiveFile.title": "Compila ed Esegui il debug del file attivo"
}